<xsl:stylesheet version = '1.0' 
	xmlns:xsl='http://www.w3.org/1999/XSL/Transform'>
<xsl:output method="xml"/> 
<xsl:template match="/result">
	<xsl:element name="result">
		<xsl:element name="pagination">
			<xsl:element name="total"><xsl:value-of select="@total"/></xsl:element>
		</xsl:element>
		<xsl:element name="items">
			<xsl:for-each select="//item">
				<xsl:element name="item">
					<xsl:attribute name="id"><xsl:value-of select="@id"/></xsl:attribute>
					<xsl:element name="title"><xsl:value-of select="title"/></xsl:element>
					<xsl:element name="category">
						<xsl:for-each select="genres/genre"><xsl:value-of select="."/><xsl:text> </xsl:text></xsl:for-each>
					</xsl:element>
					<xsl:element name="year"><xsl:value-of select="year"/></xsl:element>
					<xsl:element name="url"><xsl:value-of select="torrent"/></xsl:element>
					<xsl:element name="adult"><xsl:text>0</xsl:text></xsl:element>
					<xsl:element name="torrent">
						<xsl:element name="title"><xsl:value-of select="title"/></xsl:element>
						<xsl:element name="url"><xsl:value-of select="torrent"/></xsl:element>
						<xsl:element name="verified"><xsl:text>1</xsl:text></xsl:element>
					</xsl:element>
				</xsl:element>
			</xsl:for-each>
		</xsl:element>
	</xsl:element>
</xsl:template>
</xsl:stylesheet>

